title1_4,title2_4,title3_4,title4_4,deviceId,channelId,timestamp,cfd_y1,cfd_y2,heigth,baseline,qLong,qShort,psdValue,eventCounter,eventCounterPSD,decimationFactor,postfix1,postfix2,postfix3,postfix4
171,87,70,65,889192462,0,3661357167488,2,-14,515,-39,2467,1998,6229,7405,0,0,87,70,80,187
171,87,70,65,889192462,0,3661360919336,2,-14,959,-39,4224,3264,7447,7406,0,0,87,70,80,187
171,87,70,65,889192462,0,3661365061496,9,-4,630,-39,3031,2464,6129,7407,0,0,87,70,80,187
171,87,70,65,889192462,0,3661373191936,8,-3,459,-39,2171,1825,5222,7408,0,0,87,70,80,187
171,87,70,65,889192462,0,3661377418096,8,-3,208,-39,1096,931,4932,7409,0,0,87,70,80,187
171,87,70,65,889192462,0,3661381023576,8,-3,374,-39,1808,1526,5110,7410,0,0,87,70,80,187
171,87,70,65,889192462,0,3661381123040,8,-3,486,-39,2250,1920,4805,7411,0,0,87,70,80,187
171,87,70,65,889192462,0,3661381258472,8,-3,1317,-39,5894,4673,6788,7412,0,0,87,70,80,187
171,87,70,65,889192462,0,3661390668240,13,-34,440,-39,2151,1770,5803,7413,0,0,87,70,80,187
171,87,70,65,889192462,0,3661394867392,13,-34,662,-39,3118,2642,5002,7414,0,0,87,70,80,187
171,87,70,65,889192462,0,3661396242584,9,-2,308,-39,1519,1308,4551,7415,0,0,87,70,80,187
171,87,70,65,889192462,0,3661399781392,9,-2,281,-39,1382,1191,4528,7416,0,0,87,70,80,187
171,87,70,65,889192462,0,3661402736488,9,-2,1252,-39,5515,4434,6422,7417,0,0,87,70,80,187
171,87,70,65,889192462,0,3661403613888,7,-35,284,-39,1355,1218,3312,7418,0,0,87,70,80,187
171,87,70,65,889192462,0,3661413629264,7,-35,290,-39,1479,1258,4896,7419,0,0,87,70,80,187
171,87,70,65,889192462,0,3661413801288,7,-35,197,-39,1028,865,5195,7420,0,0,87,70,80,187
171,87,70,65,889192462,0,3661419551752,7,-35,229,-39,1154,1002,4315,7422,0,0,87,70,80,187
171,87,70,65,889192462,0,3661425989120,1,-3,351,-39,1694,1434,5029,7424,0,0,87,70,80,187
171,87,70,65,889192462,0,3661444390424,11,-2,762,-39,3369,2689,6613,7426,0,0,87,70,80,187
171,87,70,65,889192462,0,3661446997456,11,-2,318,-39,1623,1303,6460,7428,0,0,87,70,80,187
171,87,70,65,889192462,0,3661451835176,11,-2,342,-39,1682,1422,5065,7430,0,0,87,70,80,187
171,87,70,65,889192462,0,3661456013240,11,-2,471,-39,2368,1919,6212,7432,0,0,87,70,80,187
171,87,70,65,889192462,0,3661462025960,12,-14,534,-39,2443,2078,4895,7434,0,0,87,70,80,187
171,87,70,65,889192462,0,3661466766528,4,-109,590,-39,2686,2269,5087,7436,0,0,87,70,80,187
171,87,70,65,889192462,0,3661480915096,4,-109,122,-39,784,654,5433,7438,0,0,87,70,80,187
171,87,70,65,889192462,0,3661485140384,10,-37,667,-39,3041,2570,5075,7440,0,0,87,70,80,187
171,87,70,65,889192462,0,3661496597600,8,-1,306,-39,1545,1285,5514,7442,0,0,87,70,80,187
171,87,70,65,889192462,0,3661500001552,12,-3,647,-39,2938,2307,7037,7444,0,0,87,70,80,187
171,87,70,65,889192462,0,3661500295304,12,-3,139,-39,754,688,2868,7446,0,0,87,70,80,187
171,87,70,65,889192462,0,3661503416288,7,-5,471,-39,2309,1882,6059,7448,0,0,87,70,80,187
171,87,70,65,889192462,0,3661507135848,15,-4,801,-39,3578,2943,5815,7450,0,0,87,70,80,187
171,87,70,65,889192462,0,3661525398016,1,-27,155,-39,892,728,6024,7452,0,0,87,70,80,187
171,87,70,65,889192462,0,3661530363480,3,-2,340,-39,1719,1413,5832,7454,0,0,87,70,80,187
171,87,70,65,889192462,0,3661540230536,3,-2,139,-39,820,671,5954,7456,0,0,87,70,80,187
171,87,70,65,889192462,0,3661542161456,3,-2,576,-39,2638,2089,6819,7458,0,0,87,70,80,187
171,87,70,65,889192462,0,3661545819928,7,-1,471,-39,2138,1847,4459,7460,0,0,87,70,80,187
171,87,70,65,889192462,0,3661549023688,7,-1,260,-39,1356,1187,4083,7462,0,0,87,70,80,187
171,87,70,65,889192462,0,3661552278968,7,-1,595,-39,2849,2353,5704,7464,0,0,87,70,80,187
171,87,70,65,889192462,0,3661554279504,13,-4,1399,-38,6095,4727,7354,7466,0,0,87,70,80,187
171,87,70,65,889192462,0,3661575704480,15,-5,249,-38,1282,1056,5776,7468,0,0,87,70,80,187
171,87,70,65,889192462,0,3661576014816,9,-1,197,-38,1011,879,4278,7470,0,0,87,70,80,187
171,87,70,65,889192462,0,3661581990928,9,-1,639,-38,2860,2297,6450,7472,0,0,87,70,80,187
171,87,70,65,889192462,0,3661587481048,9,-14,496,-38,2400,1966,5925,7474,0,0,87,70,80,187
171,87,70,65,889192462,0,3661594374136,7,-4,232,-38,1192,1076,3188,7476,0,0,87,70,80,187
171,87,70,65,889192462,0,3661596465864,7,-4,187,-38,985,887,3260,7478,0,0,87,70,80,187
171,87,70,65,889192462,0,3661605840776,7,-1,310,-38,1479,1327,3367,7480,0,0,87,70,80,187
171,87,70,65,889192462,0,3661614217024,7,-1,554,-38,2542,2004,6934,7482,0,0,87,70,80,187
171,87,70,65,889192462,0,3661619906176,7,-1,606,-38,2696,2318,4594,7484,0,0,87,70,80,187
171,87,70,65,889192462,0,3661625580112,7,-1,240,-39,1186,1035,4171,7486,0,0,87,70,80,187
171,87,70,65,889192462,0,3661645761296,2,-103,665,-39,3191,2630,5760,7488,0,0,87,70,80,187
171,87,70,65,889192462,0,3661648212120,15,-1,1005,-39,4431,3476,7062,7490,0,0,87,70,80,187
171,87,70,65,889192462,0,3661659924032,15,-1,352,-39,1763,1470,5445,7492,0,0,87,70,80,187
171,87,70,65,889192462,0,3661665678328,14,-4,525,-39,2578,2143,5528,7494,0,0,87,70,80,187
171,87,70,65,889192462,0,3661673203384,10,-2,1012,-39,4405,3495,6769,7496,0,0,87,70,80,187
171,87,70,65,889192462,0,3661673963888,10,-2,408,-39,1977,1600,6248,7498,0,0,87,70,80,187
171,87,70,65,889192462,0,3661704046176,23,-1,210,-39,1107,946,4765,7500,0,0,87,70,80,187
171,87,70,65,889192462,0,3661707380600,23,-1,596,-39,2827,2358,5436,7502,0,0,87,70,80,187
171,87,70,65,889192462,0,3661709606296,23,-1,266,-39,1344,1112,5656,7504,0,0,87,70,80,187
171,87,70,65,889192462,0,3661712936184,23,-1,142,-39,897,714,6684,7506,0,0,87,70,80,187
171,87,70,65,889192462,0,3661714912760,11,-1,1351,-39,6111,4587,8171,7508,0,0,87,70,80,187
171,87,70,65,889192462,0,3661717708960,3,-5,1318,-39,5895,4896,5552,7510,0,0,87,70,80,187
171,87,70,65,889192462,0,3661721216608,10,-80,562,-39,2616,2209,5097,7512,0,0,87,70,80,187
171,87,70,65,889192462,0,3661730446968,8,-2,696,-39,3242,2631,6175,7514,0,0,87,70,80,187
171,87,70,65,889192462,0,3661743269552,17,-1,1431,-39,6535,4856,8418,7516,0,0,87,70,80,187
171,87,70,65,889192462,0,3661748813240,17,-1,247,-39,1289,1074,5465,7518,0,0,87,70,80,187
171,87,70,65,889192462,0,3661753777944,17,-1,2796,-39,12480,8919,9349,7520,0,0,87,70,80,187
171,87,70,65,889192462,0,3661769692048,9,-1,932,-39,4280,3420,6584,7522,0,0,87,70,80,187
171,87,70,65,889192462,0,3661776790696,9,-1,549,-39,2628,2197,5373,7524,0,0,87,70,80,187
171,87,70,65,889192462,0,3661785173096,16,-1,1373,-39,5908,4710,6644,7526,0,0,87,70,80,187
171,87,70,65,889192462,0,3661795170264,16,-1,335,-39,1599,1380,4487,7528,0,0,87,70,80,187
171,87,70,65,889192462,0,3661807873512,6,-3,1299,-39,5809,4742,6018,7530,0,0,87,70,80,187
171,87,70,65,889192462,0,3661821566872,6,-3,398,-39,1897,1625,4698,7532,0,0,87,70,80,187
171,87,70,65,889192462,0,3661825886944,8,-1,397,-39,1817,1618,3588,7534,0,0,87,70,80,187
171,87,70,65,889192462,0,3661829090880,15,-2,283,-39,1418,1198,5083,7536,0,0,87,70,80,187
171,87,70,65,889192462,0,3661841902416,15,-2,1245,-39,5556,4680,5166,7538,0,0,87,70,80,187
171,87,70,65,889192462,0,3661850203968,11,-73,148,-39,773,675,4154,7540,0,0,87,70,80,187
171,87,70,65,889192462,0,3661854054152,11,-73,237,-39,1168,1015,4292,7542,0,0,87,70,80,187
171,87,70,65,889192462,0,3661860711960,5,-109,433,-39,1976,1744,3847,7544,0,0,87,70,80,187
171,87,70,65,889192462,0,3661874921728,8,-3,1201,-39,5200,4155,6584,7546,0,0,87,70,80,187
171,87,70,65,889192462,0,3661890811352,15,-1,558,-39,2492,2067,5588,7548,0,0,87,70,80,187
171,87,70,65,889192462,0,3661904815760,15,-1,352,-39,1654,1436,4318,7550,0,0,87,70,80,187
171,87,70,65,889192462,0,3661909069440,6,-1,721,-39,3402,2834,5470,7552,0,0,87,70,80,187
171,87,70,65,889192462,0,3661920409408,10,-4,632,-39,2977,2448,5822,7554,0,0,87,70,80,187
171,87,70,65,889192462,0,3661923842264,8,-6,399,-39,1922,1601,5472,7556,0,0,87,70,80,187
171,87,70,65,889192462,0,3661924605120,2,-2,552,-39,2576,2113,5889,7558,0,0,87,70,80,187
171,87,70,65,889192462,0,3661926349008,13,-3,1156,-39,5294,4344,5879,7560,0,0,87,70,80,187
171,87,70,65,889192462,0,3661929275040,4,-3,621,-39,2871,2390,5489,7562,0,0,87,70,80,187
171,87,70,65,889192462,0,3661941548136,4,-3,2651,-39,11584,8488,8757,7564,0,0,87,70,80,187
171,87,70,65,889192462,0,3661945880752,4,-3,581,-39,2566,2246,4086,7566,0,0,87,70,80,187
171,87,70,65,889192462,0,3661951538704,9,-1,1069,-39,4771,3840,6394,7568,0,0,87,70,80,187
171,87,70,65,889192462,0,3661959823480,19,-4,1491,-39,6482,5054,7218,7570,0,0,87,70,80,187
171,87,70,65,889192462,0,3661963697760,8,-5,1467,-39,6429,4938,7599,7572,0,0,87,70,80,187
171,87,70,65,889192462,0,3661973726688,11,-1,645,-39,2912,2294,6953,7574,0,0,87,70,80,187
171,87,70,65,889192462,0,3661978419488,11,-1,1137,-39,5239,4360,5497,7576,0,0,87,70,80,187
171,87,70,65,889192462,0,3661993436600,13,-1,365,-39,1797,1522,5014,7578,0,0,87,70,80,187
171,87,70,65,889192462,0,3661994761368,13,-1,119,-39,731,637,4213,7580,0,0,87,70,80,187
171,87,70,65,889192462,0,3661998474968,8,-1,1484,-38,6356,5060,6681,7582,0,0,87,70,80,187
171,87,70,65,889192462,0,3661999912936,8,-1,364,-38,1791,1462,6019,7584,0,0,87,70,80,187
171,87,70,65,889192462,0,3662009458560,8,-1,326,-38,1601,1352,5096,7586,0,0,87,70,80,187
171,87,70,65,889192462,0,3662024102400,8,-1,187,-38,990,831,5262,7588,0,0,87,70,80,187
171,87,70,65,889192462,0,3662030888872,8,-1,240,-38,1235,1029,5465,7590,0,0,87,70,80,187
171,87,70,65,889192462,0,3662037546424,6,-1,276,-38,1352,1156,4750,7592,0,0,87,70,80,187
171,87,70,65,889192462,0,3662038874920,8,-3,123,-38,664,608,2763,7594,0,0,87,70,80,187
171,87,70,65,889192462,0,3662066000256,9,-2,418,-38,1872,1651,3868,7596,0,0,87,70,80,187
171,87,70,65,889192462,0,3662072509912,9,-2,469,-38,2233,1791,6485,7598,0,0,87,70,80,187
171,87,70,65,889192462,0,3662078745480,9,-2,463,-38,2181,1792,5844,7600,0,0,87,70,80,187
171,87,70,65,889192462,0,3662083052048,9,-2,285,-38,1396,1212,4318,7602,0,0,87,70,80,187
171,87,70,65,889192462,0,3662090325208,9,-2,405,-38,1997,1598,6546,7604,0,0,87,70,80,187
171,87,70,65,889192462,0,3662097632432,9,-2,228,-38,1144,987,4496,7606,0,0,87,70,80,187
171,87,70,65,889192462,0,3662101981344,13,-12,692,-38,3100,2530,6024,7608,0,0,87,70,80,187
171,87,70,65,889192462,0,3662104723552,11,-24,286,-38,1455,1202,5697,7610,0,0,87,70,80,187
171,87,70,65,889192462,0,3662113669968,11,-24,261,-38,1333,1100,5727,7612,0,0,87,70,80,187
171,87,70,65,889192462,0,3662115297856,1,-2,488,-38,2279,1910,5305,7614,0,0,87,70,80,187
171,87,70,65,889192462,0,3662120874168,1,-2,247,-38,1238,1091,3890,7616,0,0,87,70,80,187
171,87,70,65,889192462,0,3662122937856,1,-2,458,-38,2108,1820,4476,7618,0,0,87,70,80,187
171,87,70,65,889192462,0,3662124244776,1,-2,102,-38,595,533,3414,7620,0,0,87,70,80,187
171,87,70,65,889192462,0,3662126799752,12,-6,640,-38,2751,2274,5681,7622,0,0,87,70,80,187
171,87,70,65,889192462,0,3662140419928,12,-3,196,-38,985,862,4091,7624,0,0,87,70,80,187
171,87,70,65,889192462,0,3662153241408,12,-3,374,-38,1827,1528,5362,7626,0,0,87,70,80,187
171,87,70,65,889192462,0,3662164827496,12,-3,182,-38,956,872,2879,7628,0,0,87,70,80,187
171,87,70,65,889192462,0,3662178000312,16,-2,1332,-38,5991,4503,8138,7630,0,0,87,70,80,187
171,87,70,65,889192462,0,3662187148112,16,-2,137,-38,738,669,3063,7632,0,0,87,70,80,187
171,87,70,65,889192462,0,3662190352048,16,-2,1419,-38,6199,5029,6184,7634,0,0,87,70,80,187
171,87,70,65,889192462,0,3662205837472,4,-5,441,-38,2073,1704,5832,7636,0,0,87,70,80,187
171,87,70,65,889192462,0,3662212184744,7,-1,1672,-38,7739,5654,8827,7638,0,0,87,70,80,187
171,87,70,65,889192462,0,3662215959552,4,-29,410,-38,1931,1565,6210,7640,0,0,87,70,80,187
171,87,70,65,889192462,0,3662221219952,11,-1,1063,-38,4660,3691,6813,7642,0,0,87,70,80,187
171,87,70,65,889192462,0,3662235021832,10,-1,480,-38,2261,1860,5811,7644,0,0,87,70,80,187
171,87,70,65,889192462,0,3662241475424,4,-1,836,-38,3729,3205,4604,7646,0,0,87,70,80,187
171,87,70,65,889192462,0,3662246935176,7,-6,350,-38,1604,1422,3717,7648,0,0,87,70,80,187
171,87,70,65,889192462,0,3662251402672,13,-2,397,-38,1863,1599,4643,7650,0,0,87,70,80,187
171,87,70,65,889192462,0,3662253228008,5,-16,725,-38,3232,2614,6265,7652,0,0,87,70,80,187
171,87,70,65,889192462,0,3662265534328,9,-16,1193,-38,5117,4039,6903,7654,0,0,87,70,80,187
171,87,70,65,889192462,0,3662290008024,5,-1,981,-38,4403,3482,6854,7656,0,0,87,70,80,187
171,87,70,65,889192462,0,3662297071128,4,-2,2665,-38,11578,8829,7779,7658,0,0,87,70,80,187
171,87,70,65,889192462,0,3662307715264,10,-9,391,-38,1768,1538,4262,7660,0,0,87,70,80,187
171,87,70,65,889192462,0,3662317751672,9,-5,376,-38,1825,1526,5368,7662,0,0,87,70,80,187
171,87,70,65,889192462,0,3662324169072,9,-5,192,-38,925,837,3117,7664,0,0,87,70,80,187
171,87,70,65,889192462,0,3662332478648,9,-5,579,-38,2635,2127,6317,7666,0,0,87,70,80,187
171,87,70,65,889192462,0,3662348574640,9,-5,2037,-38,8602,6926,6384,7668,0,0,87,70,80,187
171,87,70,65,889192462,0,3662362767576,12,-40,301,-38,1404,1274,3033,7670,0,0,87,70,80,187
171,87,70,65,889192462,0,3662370165688,10,-1,1086,-38,4839,3688,7793,7672,0,0,87,70,80,187
171,87,70,65,889192462,0,3662390765376,2,-129,155,-38,832,710,4804,7674,0,0,87,70,80,187
171,87,70,65,889192462,0,3662393921992,2,-129,452,-38,2083,1754,5175,7676,0,0,87,70,80,187
171,87,70,65,889192462,0,3662407356784,2,-129,720,-38,3274,2794,4803,7678,0,0,87,70,80,187
171,87,70,65,889192462,0,3662418112992,10,-56,132,-38,696,629,3154,7680,0,0,87,70,80,187
171,87,70,65,889192462,0,3662433373608,11,-1,740,-38,3247,2559,6942,7682,0,0,87,70,80,187
171,87,70,65,889192462,0,3662434015616,11,-1,251,-38,1279,1074,5251,7684,0,0,87,70,80,187
171,87,70,65,889192462,0,3662444760920,11,-1,603,-38,2755,2328,5078,7686,0,0,87,70,80,187
171,87,70,65,889192462,0,3662451478936,11,-1,758,-38,3479,2863,5801,7688,0,0,87,70,80,187
171,87,70,65,889192462,0,3662455461672,10,-2,1311,-38,5684,4550,6537,7690,0,0,87,70,80,187
171,87,70,65,889192462,0,3662457467088,10,-2,602,-38,2771,2361,4848,7692,0,0,87,70,80,187
171,87,70,65,889192462,0,3662458474200,10,-2,278,-38,1318,1196,3033,7694,0,0,87,70,80,187
171,87,70,65,889192462,0,3662469947704,5,-6,538,-38,2491,2121,4867,7696,0,0,87,70,80,187
171,87,70,65,889192462,0,3662483145464,0,-47,1094,-38,4837,3706,7661,7698,0,0,87,70,80,187
171,87,70,65,889192462,0,3662484266168,18,-2,603,-38,2670,2202,5743,7700,0,0,87,70,80,187
171,87,70,65,889192462,0,3662496415040,18,-2,226,-38,1145,968,5065,7702,0,0,87,70,80,187
171,87,70,65,889192462,0,3662509267320,7,-67,229,-38,1166,991,4917,7704,0,0,87,70,80,187
171,87,70,65,889192462,0,3662510975744,12,-1,1312,-38,5747,4718,5866,7706,0,0,87,70,80,187
171,87,70,65,889192462,0,3662524045112,12,-7,315,-38,1498,1294,4462,7708,0,0,87,70,80,187
171,87,70,65,889192462,0,3662528245800,13,-1,278,-38,1359,1184,4219,7710,0,0,87,70,80,187
171,87,70,65,889192462,0,3662533395840,13,-1,311,-38,1517,1291,4881,7712,0,0,87,70,80,187
171,87,70,65,889192462,0,3662537233216,7,-1,240,-38,1196,1019,4849,7714,0,0,87,70,80,187
171,87,70,65,889192462,0,3662567997872,7,-1,220,-38,1043,921,3832,7716,0,0,87,70,80,187
171,87,70,65,889192462,0,3662579935104,7,-1,134,-38,719,659,2734,7718,0,0,87,70,80,187
171,87,70,65,889192462,0,3662587509008,7,-1,522,-38,2388,2044,4720,7720,0,0,87,70,80,187
171,87,70,65,889192462,0,3662604250656,7,-1,640,-38,2842,2279,6491,7722,0,0,87,70,80,187
171,87,70,65,889192462,0,3662608633112,10,-2,617,-38,2614,2159,5703,7724,0,0,87,70,80,187
171,87,70,65,889192462,0,3662621272776,10,-2,1014,-38,4399,3462,6979,7726,0,0,87,70,80,187
171,87,70,65,889192462,0,3662633003424,12,-1,1367,-38,6155,5067,5792,7728,0,0,87,70,80,187
171,87,70,65,889192462,0,3662645175032,12,-1,568,-38,2560,2194,4684,7730,0,0,87,70,80,187
171,87,70,65,889192462,0,3662650370792,12,-1,140,-38,720,649,3231,7732,0,0,87,70,80,187
171,87,70,65,889192462,0,3662666749328,9,-2,1473,-38,6530,4965,7853,7734,0,0,87,70,80,187
171,87,70,65,889192462,0,3662674246968,7,-1,377,-38,1803,1555,4507,7736,0,0,87,70,80,187
171,87,70,65,889192462,0,3662689667312,14,-2,198,-38,1055,849,6398,7738,0,0,87,70,80,187
171,87,70,65,889192462,0,3662692737496,12,-5,593,-38,2606,2210,4979,7740,0,0,87,70,80,187
171,87,70,65,889192462,0,3662697334872,23,-4,1582,-38,6853,5440,6756,7742,0,0,87,70,80,187
171,87,70,65,889192462,0,3662714164240,0,-64,377,-38,1830,1545,5103,7744,0,0,87,70,80,187
171,87,70,65,889192462,0,3662715794888,6,-43,105,-38,612,550,3319,7746,0,0,87,70,80,187
171,87,70,65,889192462,0,3662725250352,6,-43,599,-38,2707,2235,5713,7748,0,0,87,70,80,187
171,87,70,65,889192462,0,3662727921744,6,-43,316,-40,1532,1286,5261,7750,0,0,87,70,80,187
171,87,70,65,889192462,0,3662735768896,6,-43,576,-40,2760,2275,5757,7752,0,0,87,70,80,187
171,87,70,65,889192462,0,3662740659952,8,-3,2145,-40,9383,7394,6945,7754,0,0,87,70,80,187
171,87,70,65,889192462,0,3662748180096,17,-1,963,-40,4314,3488,6273,7756,0,0,87,70,80,187
171,87,70,65,889192462,0,3662750025496,17,-1,141,-40,887,749,5097,7758,0,0,87,70,80,187
171,87,70,65,889192462,0,3662757182576,17,-1,285,-40,1416,1247,3910,7760,0,0,87,70,80,187
171,87,70,65,889192462,0,3662763937952,17,-1,875,-40,4154,3431,5703,7762,0,0,87,70,80,187
171,87,70,65,889192462,0,3662787286232,0,-1,121,-40,768,633,5759,7764,0,0,87,70,80,187
171,87,70,65,889192462,0,3662802942232,0,-1,295,-40,1555,1236,6721,7766,0,0,87,70,80,187
171,87,70,65,889192462,0,3662807609552,12,-1,661,-40,2955,2542,4579,7768,0,0,87,70,80,187
171,87,70,65,889192462,0,3662813150560,12,-1,173,-40,1019,832,6013,7770,0,0,87,70,80,187
171,87,70,65,889192462,0,3662833476728,16,-2,1306,-39,5768,4609,6584,7772,0,0,87,70,80,187
171,87,70,65,889192462,0,3662838563856,8,-1,1460,-39,6428,5159,6468,7774,0,0,87,70,80,187
171,87,70,65,889192462,0,3662845626128,4,-137,881,-39,3937,3336,5002,7776,0,0,87,70,80,187
171,87,70,65,889192462,0,3662865947792,4,-137,381,-39,1891,1517,6480,7778,0,0,87,70,80,187
171,87,70,65,889192462,0,3662870504952,4,-137,184,-39,1027,863,5232,7780,0,0,87,70,80,187
171,87,70,65,889192462,0,3662878812952,4,-137,240,-39,1140,980,4598,7782,0,0,87,70,80,187
171,87,70,65,889192462,0,3662883507592,9,-1,605,-39,2813,2352,5369,7784,0,0,87,70,80,187
171,87,70,65,889192462,0,3662890382952,6,-52,544,-39,2516,2027,6368,7786,0,0,87,70,80,187
171,87,70,65,889192462,0,3662896986408,6,-52,241,-39,1247,1037,5518,7788,0,0,87,70,80,187
171,87,70,65,889192462,0,3662900549768,6,-52,295,-39,1504,1242,5708,7790,0,0,87,70,80,187
171,87,70,65,889192462,0,3662908755888,4,-4,1005,-39,4454,3540,6724,7792,0,0,87,70,80,187
171,87,70,65,889192462,0,3662928858056,3,-15,238,-39,1156,1019,3883,7794,0,0,87,70,80,187
171,87,70,65,889192462,0,3662932443792,3,-15,484,-39,2267,1940,4726,7796,0,0,87,70,80,187
171,87,70,65,889192462,0,3662941201760,3,-15,175,-39,1034,886,4690,7798,0,0,87,70,80,187
171,87,70,65,889192462,0,3662954973048,3,-15,108,-39,663,599,3163,7800,0,0,87,70,80,187
171,87,70,65,889192462,0,3662961078320,3,-15,191,-39,999,830,5543,7802,0,0,87,70,80,187
171,87,70,65,889192462,0,3662966768128,4,-2,954,-39,4372,3655,5373,7804,0,0,87,70,80,187
171,87,70,65,889192462,0,3662972285480,4,-2,375,-39,1890,1543,6015,7806,0,0,87,70,80,187
171,87,70,65,889192462,0,3662995008040,4,-2,557,-39,2717,2245,5692,7808,0,0,87,70,80,187
171,87,70,65,889192462,0,3663012158168,4,-2,463,-39,2085,1841,3834,7810,0,0,87,70,80,187
171,87,70,65,889192462,0,3663017488480,14,-2,2057,-39,9049,6927,7683,7812,0,0,87,70,80,187
171,87,70,65,889192462,0,3663023006264,7,-1,1322,-39,5820,4507,7392,7814,0,0,87,70,80,187
171,87,70,65,889192462,0,3663031524744,13,-1,1491,-39,6555,5328,6133,7816,0,0,87,70,80,187
171,87,70,65,889192462,0,3663039953936,13,-1,421,-39,1969,1587,6357,7818,0,0,87,70,80,187
171,87,70,65,889192462,0,3663058045952,13,-1,600,-39,2818,2313,5872,7820,0,0,87,70,80,187
171,87,70,65,889192462,0,3663077697832,6,-1,1045,-39,4797,4022,5293,7822,0,0,87,70,80,187
171,87,70,65,889192462,0,3663093968336,6,-1,563,-39,2549,2168,4897,7824,0,0,87,70,80,187
171,87,70,65,889192462,0,3663108110576,6,-1,467,-39,2180,1777,6057,7826,0,0,87,70,80,187
171,87,70,65,889192462,0,3663114408408,6,-1,153,-39,853,765,3380,7828,0,0,87,70,80,187
171,87,70,65,889192462,0,3663121292656,6,-1,607,-39,2798,2221,6757,7830,0,0,87,70,80,187
171,87,70,65,889192462,0,3663131895248,10,-23,492,-39,2290,1943,4965,7832,0,0,87,70,80,187
171,87,70,65,889192462,0,3663143726448,10,-23,1280,-39,5625,4554,6238,7834,0,0,87,70,80,187
171,87,70,65,889192462,0,3663151582920,4,-41,199,-39,1114,928,5470,7836,0,0,87,70,80,187
171,87,70,65,889192462,0,3663157533688,4,-41,195,-39,1005,847,5151,7838,0,0,87,70,80,187
171,87,70,65,889192462,0,3663163262688,4,-41,168,-39,901,751,5455,7840,0,0,87,70,80,187
171,87,70,65,889192462,0,3663174641224,11,-67,1149,-39,5400,4471,5637,7842,0,0,87,70,80,187
171,87,70,65,889192462,0,3663179211328,11,-67,247,-39,1335,1077,6332,7844,0,0,87,70,80,187
171,87,70,65,889192462,0,3663182830240,11,-67,132,-40,819,667,6081,7846,0,0,87,70,80,187
171,87,70,65,889192462,0,3663193724168,6,-44,161,-40,906,801,3797,7848,0,0,87,70,80,187
171,87,70,65,889192462,0,3663198518000,10,-1,637,-40,3111,2509,6340,7850,0,0,87,70,80,187
171,87,70,65,889192462,0,3663204013344,10,-1,580,-40,2813,2309,5870,7852,0,0,87,70,80,187
171,87,70,65,889192462,0,3663218252632,4,-6,273,-40,1372,1152,5254,7854,0,0,87,70,80,187
171,87,70,65,889192462,0,3663222287992,4,-6,615,-40,2851,2388,5321,7856,0,0,87,70,80,187
171,87,70,65,889192462,0,3663228796648,5,-1,1275,-40,5526,4332,7079,7858,0,0,87,70,80,187
171,87,70,65,889192462,0,3663231980080,10,-16,144,-40,879,713,6188,7860,0,0,87,70,80,187
171,87,70,65,889192462,0,3663249543264,12,-1,772,-40,3675,2973,6259,7862,0,0,87,70,80,187
171,87,70,65,889192462,0,3663254673600,16,-4,631,-40,2887,2468,4755,7864,0,0,87,70,80,187
171,87,70,65,889192462,0,3663259512648,16,-4,266,-40,1346,1120,5501,7866,0,0,87,70,80,187
171,87,70,65,889192462,0,3663261407216,15,-1,1586,-40,6774,5498,6172,7868,0,0,87,70,80,187
171,87,70,65,889192462,0,3663263902888,0,-41,146,-40,898,719,6531,7870,0,0,87,70,80,187
171,87,70,65,889192462,0,3663266223376,0,-41,562,-40,2696,2160,6514,7872,0,0,87,70,80,187
171,87,70,65,889192462,0,3663276271360,6,-1,596,-40,2820,2262,6483,7874,0,0,87,70,80,187
171,87,70,65,889192462,0,3663284010416,6,-1,236,-40,1293,1111,4612,7876,0,0,87,70,80,187
171,87,70,65,889192462,0,3663300750096,6,-1,109,-40,718,592,5750,7878,0,0,87,70,80,187
171,87,70,65,889192462,0,3663303658936,6,-1,1386,-40,6298,4686,8386,7880,0,0,87,70,80,187
171,87,70,65,889192462,0,3663308219776,1,-42,247,-40,1300,1067,5872,7882,0,0,87,70,80,187
171,87,70,65,889192462,0,3663316919696,1,-42,601,-40,2824,2269,6439,7884,0,0,87,70,80,187
171,87,70,65,889192462,0,3663322938832,9,-2,324,-40,1656,1311,6826,7886,0,0,87,70,80,187
171,87,70,65,889192462,0,3663328955192,9,-2,114,-40,665,608,2808,7888,0,0,87,70,80,187
171,87,70,65,889192462,0,3663332070408,9,-2,296,-40,1533,1253,5984,7890,0,0,87,70,80,187
171,87,70,65,889192462,0,3663335677096,9,-2,1196,-40,5416,4063,8185,7892,0,0,87,70,80,187
171,87,70,65,889192462,0,3663342932160,3,-10,141,-40,851,711,5390,7894,0,0,87,70,80,187
171,87,70,65,889192462,0,3663355183640,3,-10,259,-40,1334,1106,5600,7896,0,0,87,70,80,187
171,87,70,65,889192462,0,3663362879040,3,-10,591,-40,2759,2321,5201,7898,0,0,87,70,80,187
171,87,70,65,889192462,0,3663364895936,3,-10,124,-40,750,638,4893,7900,0,0,87,70,80,187
171,87,70,65,889192462,0,3663373528880,1,-3,516,-40,2577,2049,6713,7902,0,0,87,70,80,187
171,87,70,65,889192462,0,3663374315608,1,-3,202,-40,1153,902,7133,7904,0,0,87,70,80,187
171,87,70,65,889192462,0,3663383412136,1,-3,579,-40,2704,2095,7379,7906,0,0,87,70,80,187
171,87,70,65,889192462,0,3663385114416,1,-3,384,-40,1919,1505,7069,7908,0,0,87,70,80,187
171,87,70,65,889192462,0,3663390224032,11,-2,620,-40,2788,2211,6781,7910,0,0,87,70,80,187
171,87,70,65,889192462,0,3663393218064,11,-2,440,-40,2125,1694,6645,7912,0,0,87,70,80,187
171,87,70,65,889192462,0,3663408531024,18,-1,125,-38,734,628,4732,7914,0,0,87,70,80,187
171,87,70,65,889192462,0,3663422615352,19,-2,145,-38,764,697,2873,7916,0,0,87,70,80,187
171,87,70,65,889192462,0,3663440271856,19,-2,563,-38,2522,2043,6223,7918,0,0,87,70,80,187
171,87,70,65,889192462,0,3663449596888,19,-2,248,-38,1221,1055,4454,7920,0,0,87,70,80,187
171,87,70,65,889192462,0,3663454752112,2,-2,216,-38,1067,927,4299,7922,0,0,87,70,80,187
171,87,70,65,889192462,0,3663467124408,2,-2,570,-38,2673,2256,5111,7924,0,0,87,70,80,187
171,87,70,65,889192462,0,3663483802112,7,-1,721,-38,3358,2765,5786,7926,0,0,87,70,80,187
171,87,70,65,889192462,0,3663486966824,4,-33,365,-38,1729,1489,4548,7928,0,0,87,70,80,187
171,87,70,65,889192462,0,3663489023080,8,-2,349,-38,1692,1386,5925,7930,0,0,87,70,80,187
171,87,70,65,889192462,0,3663499093776,0,-1,660,-38,2986,2383,6617,7932,0,0,87,70,80,187
171,87,70,65,889192462,0,3663509087128,0,-1,272,-38,1358,1130,5501,7934,0,0,87,70,80,187
171,87,70,65,889192462,0,3663519017016,14,-1,1373,-38,6020,4600,7729,7936,0,0,87,70,80,187
171,87,70,65,889192462,0,3663528704408,14,-1,369,-38,1729,1510,4150,7938,0,0,87,70,80,187
171,87,70,65,889192462,0,3663536125432,6,-92,1043,-38,4683,3602,7563,7940,0,0,87,70,80,187
171,87,70,65,889192462,0,3663543009392,6,-92,925,-38,4219,3509,5514,7942,0,0,87,70,80,187
171,87,70,65,889192462,0,3663545881280,3,-53,122,-38,702,643,2753,7944,0,0,87,70,80,187
171,87,70,65,889192462,0,3663551462744,12,-1,703,-39,3258,2547,7150,7946,0,0,87,70,80,187
171,87,70,65,889192462,0,3663554781576,12,-1,233,-39,1237,1019,5774,7948,0,0,87,70,80,187
171,87,70,65,889192462,0,3663560371112,12,-1,178,-39,952,844,3717,7950,0,0,87,70,80,187
171,87,70,65,889192462,0,3663569133968,14,-3,724,-39,3140,2592,5718,7952,0,0,87,70,80,187
171,87,70,65,889192462,0,3663584301896,14,-3,109,-39,627,559,3553,7954,0,0,87,70,80,187
171,87,70,65,889192462,0,3663588044536,14,-3,344,-39,1656,1421,4649,7956,0,0,87,70,80,187
171,87,70,65,889192462,0,3663603871136,14,-3,533,-39,2599,2161,5522,7958,0,0,87,70,80,187
171,87,70,65,889192462,0,3663606384800,14,-3,328,-39,1631,1339,5866,7960,0,0,87,70,80,187
171,87,70,65,889192462,0,3663615587584,14,-3,555,-39,2636,2196,5469,7962,0,0,87,70,80,187
171,87,70,65,889192462,0,3663619292504,14,-3,623,-39,2943,2479,5166,7964,0,0,87,70,80,187
171,87,70,65,889192462,0,3663636091312,12,-2,615,-39,2816,2281,6225,7966,0,0,87,70,80,187
171,87,70,65,889192462,0,3663661073152,8,-53,137,-39,782,668,4776,7968,0,0,87,70,80,187
171,87,70,65,889192462,0,3663668677672,2,-43,233,-39,1111,973,4070,7970,0,0,87,70,80,187
171,87,70,65,889192462,0,3663673455728,2,-43,1496,-39,6577,5291,6406,7972,0,0,87,70,80,187
171,87,70,65,889192462,0,3663682452136,0,-47,492,-39,2280,1942,4857,7974,0,0,87,70,80,187
171,87,70,65,889192462,0,3663692407416,8,-9,992,-39,4414,3474,6978,7976,0,0,87,70,80,187
171,87,70,65,889192462,0,3663697059624,16,-1,543,-39,2550,2098,5808,7978,0,0,87,70,80,187
171,87,70,65,889192462,0,3663702448176,16,-1,344,-39,1694,1400,5686,7980,0,0,87,70,80,187
171,87,70,65,889192462,0,3663703921864,8,-3,132,-39,808,679,5231,7982,0,0,87,70,80,187
171,87,70,65,889192462,0,3663720684416,8,-3,582,-39,2785,2322,5447,7984,0,0,87,70,80,187
171,87,70,65,889192462,0,3663730300432,8,-3,509,-39,2478,2042,5765,7986,0,0,87,70,80,187
171,87,70,65,889192462,0,3663735576632,8,-3,252,-39,1332,1117,5288,7988,0,0,87,70,80,187
171,87,70,65,889192462,0,3663744943760,8,-3,490,-39,2190,1932,3860,7990,0,0,87,70,80,187
171,87,70,65,889192462,0,3663750023248,8,-3,703,-38,3273,2674,5996,7992,0,0,87,70,80,187
171,87,70,65,889192462,0,3663752050272,0,-30,598,-38,2795,2335,5392,7994,0,0,87,70,80,187
171,87,70,65,889192462,0,3663759151344,0,-30,159,-38,860,723,5219,7996,0,0,87,70,80,187
171,87,70,65,889192462,0,3663760888080,0,-30,605,-38,2760,2213,6494,7998,0,0,87,70,80,187
171,87,70,65,889192462,0,3663773544704,4,-2,1107,-38,4998,4137,5644,8000,0,0,87,70,80,187
171,87,70,65,889192462,0,3663793242952,12,-2,443,-38,2008,1756,4112,8002,0,0,87,70,80,187
171,87,70,65,889192462,0,3663801679624,12,-2,1301,-40,6032,4465,8512,8004,0,0,87,70,80,187
171,87,70,65,889192462,0,3663814262120,9,-5,296,-40,1528,1239,6197,8006,0,0,87,70,80,187
171,87,70,65,889192462,0,3663819872400,25,-1,1400,-40,6232,4719,7955,8008,0,0,87,70,80,187
171,87,70,65,889192462,0,3663824928944,25,-1,1349,-39,6285,4644,8555,8010,0,0,87,70,80,187
171,87,70,65,889192462,0,3663828226664,11,-134,167,-39,895,751,5272,8012,0,0,87,70,80,187
171,87,70,65,889192462,0,3663831175440,11,-134,335,-39,1621,1374,4992,8014,0,0,87,70,80,187
171,87,70,65,889192462,0,3663840221592,11,-134,370,-39,1792,1522,4936,8016,0,0,87,70,80,187
171,87,70,65,889192462,0,3663851873784,5,-2,270,-39,1377,1135,5758,8018,0,0,87,70,80,187
171,87,70,65,889192462,0,3663854185056,5,-2,330,-39,1634,1381,5073,8020,0,0,87,70,80,187
171,87,70,65,889192462,0,3663860718712,1,-3,159,-39,891,752,5111,8022,0,0,87,70,80,187
171,87,70,65,889192462,0,3663863125184,21,-1,640,-39,2982,2370,6724,8024,0,0,87,70,80,187
171,87,70,65,889192462,0,3663871017336,1,-49,214,-39,1096,950,4364,8026,0,0,87,70,80,187
171,87,70,65,889192462,0,3663892407248,1,-49,106,-39,684,594,4311,8028,0,0,87,70,80,187
171,87,70,65,889192462,0,3663895091360,1,-49,266,-39,1362,1153,5028,8030,0,0,87,70,80,187
171,87,70,65,889192462,0,3663896223464,7,-1,1423,-39,6341,4795,7988,8032,0,0,87,70,80,187
171,87,70,65,889192462,0,3663903772024,7,-1,308,-39,1425,1284,3242,8034,0,0,87,70,80,187
171,87,70,65,889192462,0,3663907629688,13,-4,650,-39,2929,2504,4754,8036,0,0,87,70,80,187
171,87,70,65,889192462,0,3663921023552,13,-4,547,-39,2506,2108,5204,8038,0,0,87,70,80,187
171,87,70,65,889192462,0,3663926097416,13,-4,368,-39,1791,1515,5049,8040,0,0,87,70,80,187
171,87,70,65,889192462,0,3663927416152,13,-4,204,-39,1053,888,5134,8042,0,0,87,70,80,187
171,87,70,65,889192462,0,3663943075856,4,-4,713,-39,3425,2773,6237,8044,0,0,87,70,80,187
171,87,70,65,889192462,0,3663946706800,7,-92,144,-39,838,722,4535,8046,0,0,87,70,80,187
171,87,70,65,889192462,0,3663956347464,7,-92,456,-38,2107,1811,4603,8048,0,0,87,70,80,187
171,87,70,65,889192462,0,3663973476296,7,-92,505,-38,2368,1954,5728,8050,0,0,87,70,80,187
171,87,70,65,889192462,0,3663984289408,6,-116,109,-38,563,541,1280,8052,0,0,87,70,80,187
171,87,70,65,889192462,0,3664000352320,9,-2,1069,-38,4630,3674,6765,8054,0,0,87,70,80,187
171,87,70,65,889192462,0,3664008845712,8,-1,523,-38,2351,2034,4418,8056,0,0,87,70,80,187
171,87,70,65,889192462,0,3664014770144,8,-1,273,-38,1348,1128,5347,8058,0,0,87,70,80,187
171,87,70,65,889192462,0,3664036346992,8,-1,598,-38,2661,2315,4260,8060,0,0,87,70,80,187
171,87,70,65,889192462,0,3664040183480,12,-4,727,-38,3239,2588,6585,8062,0,0,87,70,80,187
171,87,70,65,889192462,0,3664042931664,11,-2,489,-38,2233,1934,4387,8064,0,0,87,70,80,187
171,87,70,65,889192462,0,3664053193984,16,-6,1157,-38,5107,4366,4754,8066,0,0,87,70,80,187
171,87,70,65,889192462,0,3664061936784,7,-7,1364,-38,5991,4767,6694,8068,0,0,87,70,80,187
171,87,70,65,889192462,0,3664068654656,13,-2,570,-38,2766,2268,5899,8070,0,0,87,70,80,187
171,87,70,65,889192462,0,3664072559960,13,-2,278,-38,1308,1130,4459,8072,0,0,87,70,80,187
171,87,70,65,889192462,0,3664083534240,13,-2,106,-38,622,547,3951,8074,0,0,87,70,80,187
171,87,70,65,889192462,0,3664088521448,13,-2,470,-38,2126,1810,4870,8076,0,0,87,70,80,187
171,87,70,65,889192462,0,3664096313200,13,-1,574,-38,2605,2232,4691,8078,0,0,87,70,80,187
171,87,70,65,889192462,0,3664112699048,13,-1,268,-38,1328,1197,3232,8080,0,0,87,70,80,187
171,87,70,65,889192462,0,3664119385168,13,-1,212,-39,1082,910,5208,8082,0,0,87,70,80,187
171,87,70,65,889192462,0,3664131742048,13,-1,610,-39,2762,2336,5053,8084,0,0,87,70,80,187
171,87,70,65,889192462,0,3664144234064,13,-1,599,-40,2788,2360,5030,8086,0,0,87,70,80,187
171,87,70,65,889192462,0,3664146630768,13,-2,601,-40,2741,2314,5104,8088,0,0,87,70,80,187
171,87,70,65,889192462,0,3664150314328,12,-1,162,-40,897,756,5150,8090,0,0,87,70,80,187
171,87,70,65,889192462,0,3664155417760,12,-1,479,-40,2317,1915,5685,8092,0,0,87,70,80,187
171,87,70,65,889192462,0,3664160781736,7,-1,560,-40,2659,2107,6802,8094,0,0,87,70,80,187
171,87,70,65,889192462,0,3664168455720,14,-3,123,-40,820,679,5634,8096,0,0,87,70,80,187
171,87,70,65,889192462,0,3664170306928,14,-3,357,-40,1828,1449,6793,8098,0,0,87,70,80,187
171,87,70,65,889192462,0,3664176806392,14,-3,904,-40,4009,3110,7347,8100,0,0,87,70,80,187
171,87,70,65,889192462,0,3664184084400,7,-139,106,-40,664,571,4589,8102,0,0,87,70,80,187
171,87,70,65,889192462,0,3664186481992,7,-139,191,-40,1089,924,4964,8104,0,0,87,70,80,187
171,87,70,65,889192462,0,3664196795456,11,-2,178,-40,1081,893,5698,8106,0,0,87,70,80,187
171,87,70,65,889192462,0,3664219634504,11,-2,293,-40,1481,1232,5509,8108,0,0,87,70,80,187
171,87,70,65,889192462,0,3664235325720,11,-2,210,-40,1126,975,4394,8110,0,0,87,70,80,187
171,87,70,65,889192462,0,3664244693304,11,-2,368,-40,1835,1503,5928,8112,0,0,87,70,80,187
171,87,70,65,889192462,0,3664249086384,11,-2,122,-40,792,623,6991,8114,0,0,87,70,80,187
171,87,70,65,889192462,0,3664257569936,7,-1,1204,-40,5298,4107,7366,8116,0,0,87,70,80,187
171,87,70,65,889192462,0,3664268147664,1,-3,343,-40,1670,1424,4826,8118,0,0,87,70,80,187
171,87,70,65,889192462,0,3664276129024,1,-3,606,-40,2727,2313,4974,8120,0,0,87,70,80,187
171,87,70,65,889192462,0,3664279472128,1,-3,535,-40,2520,2094,5539,8122,0,0,87,70,80,187
171,87,70,65,889192462,0,3664279890712,1,-3,603,-40,2789,2316,5557,8124,0,0,87,70,80,187
171,87,70,65,889192462,0,3664292842264,13,-3,914,-40,4179,3309,6821,8126,0,0,87,70,80,187
171,87,70,65,889192462,0,3664304801744,8,-1,332,-40,1678,1373,5955,8128,0,0,87,70,80,187
171,87,70,65,889192462,0,3664312663240,8,-1,594,-40,2804,2335,5480,8130,0,0,87,70,80,187
171,87,70,65,889192462,0,3664320715672,6,-2,144,-40,882,737,5386,8132,0,0,87,70,80,187
171,87,70,65,889192462,0,3664323397768,6,-2,181,-40,1009,860,4838,8134,0,0,87,70,80,187
171,87,70,65,889192462,0,3664327951432,6,-2,169,-39,831,767,2523,8136,0,0,87,70,80,187
171,87,70,65,889192462,0,3664338386488,6,-2,553,-39,2613,2191,5291,8138,0,0,87,70,80,187
171,87,70,65,889192462,0,3664341093576,5,-5,267,-39,1353,1136,5255,8140,0,0,87,70,80,187
171,87,70,65,889192462,0,3664353343488,5,-5,244,-39,1285,1086,5074,8142,0,0,87,70,80,187
171,87,70,65,889192462,0,3664358091856,5,-5,286,-38,1380,1236,3419,8144,0,0,87,70,80,187
171,87,70,65,889192462,0,3664361868912,5,-5,249,-38,1207,1051,4235,8146,0,0,87,70,80,187
171,87,70,65,889192462,0,3664369855944,11,-97,240,-38,1142,1004,3959,8148,0,0,87,70,80,187
171,87,70,65,889192462,0,3664378441968,10,-29,282,-38,1318,1164,3828,8150,0,0,87,70,80,187
171,87,70,65,889192462,0,3664388685040,10,-29,128,-38,752,660,4008,8152,0,0,87,70,80,187
171,87,70,65,889192462,0,3664391486312,10,-29,249,-38,1204,1069,3674,8154,0,0,87,70,80,187
171,87,70,65,889192462,0,3664405445120,7,-2,298,-38,1374,1209,3934,8156,0,0,87,70,80,187
171,87,70,65,889192462,0,3664409458064,7,-2,1482,-38,6604,5491,5522,8158,0,0,87,70,80,187
171,87,70,65,889192462,0,3664409909616,10,-37,119,-38,679,620,2847,8161,0,0,87,70,80,187
171,87,70,65,889192462,0,3664453152504,7,-2,907,-38,3933,3184,6240,8163,0,0,87,70,80,187
171,87,70,65,889192462,0,3664477275376,7,-2,148,-38,833,743,3540,8165,0,0,87,70,80,187
171,87,70,65,889192462,0,3664478822912,7,-3,254,-38,1230,1124,2823,8167,0,0,87,70,80,187
171,87,70,65,889192462,0,3664487327056,7,-3,326,-38,1671,1359,6118,8169,0,0,87,70,80,187
171,87,70,65,889192462,0,3664495600184,7,-145,426,-38,1967,1699,4464,8171,0,0,87,70,80,187
171,87,70,65,889192462,0,3664503958504,16,-1,1031,-38,4706,3982,5041,8173,0,0,87,70,80,187
171,87,70,65,889192462,0,3664510036872,16,-1,507,-38,2328,1862,6559,8175,0,0,87,70,80,187
171,87,70,65,889192462,0,3664511960528,7,-4,249,-38,1184,1053,3625,8177,0,0,87,70,80,187
171,87,70,65,889192462,0,3664517474120,7,-4,182,-38,972,874,3303,8179,0,0,87,70,80,187
171,87,70,65,889192462,0,3664525064872,7,-4,836,-38,3759,3208,4803,8181,0,0,87,70,80,187
171,87,70,65,889192462,0,3664539281152,7,-20,414,-38,1938,1587,5934,8183,0,0,87,70,80,187
171,87,70,65,889192462,0,3664544090496,7,-20,594,-38,2685,2297,4735,8185,0,0,87,70,80,187
171,87,70,65,889192462,0,3664555743728,7,-20,1497,-38,6454,5191,6412,8187,0,0,87,70,80,187
171,87,70,65,889192462,0,3664556863224,2,-3,143,-38,797,717,3289,8189,0,0,87,70,80,187
171,87,70,65,889192462,0,3664562256520,2,-3,555,-38,2482,2026,6020,8191,0,0,87,70,80,187
171,87,70,65,889192462,0,3664570722216,9,-1,1307,-38,5677,4471,6960,8193,0,0,87,70,80,187
171,87,70,65,889192462,0,3664583426696,8,-2,728,-38,3187,2581,6230,8195,0,0,87,70,80,187
171,87,70,65,889192462,0,3664591258064,8,-2,1317,-38,5633,4545,6328,8197,0,0,87,70,80,187
171,87,70,65,889192462,0,3664594166304,3,-22,155,-38,909,786,4433,8199,0,0,87,70,80,187
171,87,70,65,889192462,0,3664613273104,3,-22,616,-38,2850,2281,6541,8201,0,0,87,70,80,187
171,87,70,65,889192462,0,3664618269952,3,-22,310,-38,1448,1263,4186,8203,0,0,87,70,80,187
171,87,70,65,889192462,0,3664633642256,8,-2,725,-38,3195,2761,4450,8205,0,0,87,70,80,187
171,87,70,65,889192462,0,3664636612824,22,-2,1412,-38,6160,4764,7425,8207,0,0,87,70,80,187
171,87,70,65,889192462,0,3664647386312,22,-2,564,-38,2538,2090,5783,8209,0,0,87,70,80,187
171,87,70,65,889192462,0,3664652666832,12,-1,1124,-38,5024,3840,7722,8211,0,0,87,70,80,187
171,87,70,65,889192462,0,3664654148704,6,-1,504,-38,2299,1860,6256,8213,0,0,87,70,80,187
171,87,70,65,889192462,0,3664657612800,7,-1,1434,-38,6288,5143,5966,8215,0,0,87,70,80,187
171,87,70,65,889192462,0,3664667961960,1,-29,480,-38,2170,1767,6085,8217,0,0,87,70,80,187
171,87,70,65,889192462,0,3664684854184,1,-29,538,-38,2419,1947,6393,8219,0,0,87,70,80,187
171,87,70,65,889192462,0,3664690644896,1,-29,143,-38,794,668,5199,8221,0,0,87,70,80,187
171,87,70,65,889192462,0,3664701710912,13,-2,1248,-38,5466,4249,7295,8223,0,0,87,70,80,187
171,87,70,65,889192462,0,3664711769640,13,-2,4515,-38,19147,15219,6722,8225,0,0,87,70,80,187
171,87,70,65,889192462,0,3664712893624,6,-74,1090,-38,4787,3705,7406,8227,0,0,87,70,80,187
171,87,70,65,889192462,0,3664715400472,12,-3,390,-38,1835,1606,4089,8229,0,0,87,70,80,187
171,87,70,65,889192462,0,3664725237232,8,-2,428,-38,1963,1675,4807,8231,0,0,87,70,80,187
171,87,70,65,889192462,0,3664731335808,8,-1,1292,-38,5850,4387,8194,8233,0,0,87,70,80,187
171,87,70,65,889192462,0,3664733093488,8,-1,506,-38,2269,1837,6238,8235,0,0,87,70,80,187
171,87,70,65,889192462,0,3664734895608,4,-4,447,-38,2129,1750,5833,8237,0,0,87,70,80,187
171,87,70,65,889192462,0,3664736749760,6,-2,1466,-38,6429,4960,7487,8239,0,0,87,70,80,187
171,87,70,65,889192462,0,3664749077920,12,-2,1208,-38,5282,4072,7506,8241,0,0,87,70,80,187
171,87,70,65,889192462,0,3664766855328,17,-3,805,-38,3553,2867,6326,8243,0,0,87,70,80,187
171,87,70,65,889192462,0,3664771285208,17,-3,1320,-38,5743,4730,5779,8245,0,0,87,70,80,187
171,87,70,65,889192462,0,3664785603296,16,-47,103,-38,688,557,6239,8247,0,0,87,70,80,187
171,87,70,65,889192462,0,3664790588776,3,-1,580,-38,2580,2230,4445,8249,0,0,87,70,80,187
171,87,70,65,889192462,0,3664794474088,18,-1,1022,-38,4506,3596,6617,8251,0,0,87,70,80,187
171,87,70,65,889192462,0,3664802416992,10,-1,365,-38,1758,1491,4976,8253,0,0,87,70,80,187
171,87,70,65,889192462,0,3664807088480,7,-1,980,-38,4307,3443,6573,8255,0,0,87,70,80,187
171,87,70,65,889192462,0,3664817835456,12,-2,362,-38,1713,1476,4533,8257,0,0,87,70,80,187
171,87,70,65,889192462,0,3664826854544,6,-1,216,-38,1087,946,4250,8259,0,0,87,70,80,187
171,87,70,65,889192462,0,3664839387504,14,-1,459,-38,2216,1806,6062,8261,0,0,87,70,80,187
171,87,70,65,889192462,0,3664843632304,14,-1,110,-38,666,584,4034,8263,0,0,87,70,80,187
171,87,70,65,889192462,0,3664854822144,14,-1,701,-38,3241,2704,5429,8265,0,0,87,70,80,187
171,87,70,65,889192462,0,3664857035344,11,-3,532,-38,2448,2079,4939,8267,0,0,87,70,80,187
171,87,70,65,889192462,0,3664860685784,14,-1,1514,-38,6398,5152,6381,8269,0,0,87,70,80,187
171,87,70,65,889192462,0,3664868635368,14,-1,1405,-38,6020,4713,7114,8271,0,0,87,70,80,187
171,87,70,65,889192462,0,3664881330816,7,-11,606,-38,2646,2146,6191,8273,0,0,87,70,80,187
171,87,70,65,889192462,0,3664883483232,15,-3,707,-38,3143,2483,6880,8275,0,0,87,70,80,187
171,87,70,65,889192462,0,3664893415840,15,-3,645,-38,2880,2346,6075,8277,0,0,87,70,80,187
171,87,70,65,889192462,0,3664895417080,0,-15,215,-38,1047,927,3755,8279,0,0,87,70,80,187
171,87,70,65,889192462,0,3664906518336,0,-15,277,-38,1448,1214,5295,8281,0,0,87,70,80,187
171,87,70,65,889192462,0,3664913420576,0,-15,222,-38,1014,954,1938,8283,0,0,87,70,80,187
171,87,70,65,889192462,0,3664916452488,7,-2,496,-38,2278,1971,4415,8285,0,0,87,70,80,187
171,87,70,65,889192462,0,3664928352848,7,-2,144,-39,796,708,3622,8287,0,0,87,70,80,187
171,87,70,65,889192462,0,3664928779416,7,-2,339,-39,1734,1417,5990,8289,0,0,87,70,80,187
171,87,70,65,889192462,0,3664937673608,7,-2,274,-39,1432,1199,5331,8291,0,0,87,70,80,187
171,87,70,65,889192462,0,3664941961472,7,-2,540,-39,2526,1952,7445,8293,0,0,87,70,80,187
171,87,70,65,889192462,0,3664959946224,7,-2,1122,-39,4980,3992,6500,8295,0,0,87,70,80,187
171,87,70,65,889192462,0,3664992551144,6,-20,130,-39,730,666,2872,8297,0,0,87,70,80,187
171,87,70,65,889192462,0,3664999545400,6,-20,517,-39,2418,2024,5339,8299,0,0,87,70,80,187
171,87,70,65,889192462,0,3665000584384,6,-2,306,-39,1538,1244,6263,8301,0,0,87,70,80,187
171,87,70,65,889192462,0,3665005024832,6,-2,1359,-39,6034,4928,6006,8303,0,0,87,70,80,187
171,87,70,65,889192462,0,3665011910632,4,-56,123,-39,702,613,4154,8305,0,0,87,70,80,187
171,87,70,65,889192462,0,3665024875056,11,-4,583,-39,2652,2119,6585,8307,0,0,87,70,80,187
171,87,70,65,889192462,0,3665037021392,11,-4,271,-39,1355,1170,4473,8309,0,0,87,70,80,187
171,87,70,65,889192462,0,3665046298352,5,-115,512,-39,2355,2000,4939,8311,0,0,87,70,80,187
171,87,70,65,889192462,0,3665052419912,11,-1,1387,-39,6149,4700,7721,8313,0,0,87,70,80,187
171,87,70,65,889192462,0,3665054650384,10,-4,186,-39,1056,890,5150,8315,0,0,87,70,80,187
171,87,70,65,889192462,0,3665063765512,8,-3,1199,-39,5282,4269,6284,8317,0,0,87,70,80,187
171,87,70,65,889192462,0,3665083309104,9,-3,176,-39,933,808,4390,8319,0,0,87,70,80,187
171,87,70,65,889192462,0,3665091099520,9,-3,482,-39,2318,1869,6347,8321,0,0,87,70,80,187
171,87,70,65,889192462,0,3665091738152,7,-2,1265,-39,5889,4910,5447,8323,0,0,87,70,80,187
171,87,70,65,889192462,0,3665092504976,7,-2,286,-39,1454,1263,4304,8325,0,0,87,70,80,187
171,87,70,65,889192462,0,3665097649720,12,-6,410,-39,1953,1562,6560,8327,0,0,87,70,80,187
171,87,70,65,889192462,0,3665109022672,12,-6,370,-39,1764,1514,4643,8329,0,0,87,70,80,187
171,87,70,65,889192462,0,3665117361928,12,-6,240,-39,1170,1003,4676,8331,0,0,87,70,80,187
171,87,70,65,889192462,0,3665118265368,12,-6,121,-39,726,637,4016,8333,0,0,87,70,80,187
171,87,70,65,889192462,0,3665137010072,13,-2,780,-39,3476,2748,6862,8335,0,0,87,70,80,187
171,87,70,65,889192462,0,3665147510712,13,-2,1232,-39,5644,4703,5463,8337,0,0,87,70,80,187
171,87,70,65,889192462,0,3665152704992,9,-1,878,-39,4041,3359,5530,8339,0,0,87,70,80,187
171,87,70,65,889192462,0,3665166970016,9,-1,515,-39,2390,2024,5017,8341,0,0,87,70,80,187
171,87,70,65,889192462,0,3665171612968,9,-1,230,-39,1222,1000,5952,8343,0,0,87,70,80,187
171,87,70,65,889192462,0,3665172922184,20,-8,1353,-39,5952,4802,6330,8345,0,0,87,70,80,187
171,87,70,65,889192462,0,3665180755768,20,-8,109,-39,713,606,4917,8347,0,0,87,70,80,187
171,87,70,65,889192462,0,3665187034080,5,-13,683,-39,3080,2447,6734,8349,0,0,87,70,80,187
171,87,70,65,889192462,0,3665194906448,12,-13,295,-38,1509,1240,5841,8351,0,0,87,70,80,187
171,87,70,65,889192462,0,3665198592216,12,-13,536,-38,2637,2168,5827,8353,0,0,87,70,80,187
171,87,70,65,889192462,0,3665219715792,16,-10,671,-38,2940,2544,4413,8355,0,0,87,70,80,187
171,87,70,65,889192462,0,3665237322448,16,-10,132,-38,729,663,2966,8357,0,0,87,70,80,187
171,87,70,65,889192462,0,3665251266576,16,-2,471,-38,2113,1848,4109,8359,0,0,87,70,80,187
171,87,70,65,889192462,0,3665266553824,16,-2,138,-38,708,658,2314,8361,0,0,87,70,80,187
171,87,70,65,889192462,0,3665269065104,16,-3,625,-38,2819,2407,4788,8363,0,0,87,70,80,187
171,87,70,65,889192462,0,3665278409304,4,-97,272,-38,1409,1204,4767,8365,0,0,87,70,80,187
171,87,70,65,889192462,0,3665297783680,11,-11,1151,-38,4929,3913,6754,8367,0,0,87,70,80,187
171,87,70,65,889192462,0,3665321754120,12,-6,238,-38,1180,1030,4165,8369,0,0,87,70,80,187
171,87,70,65,889192462,0,3665327302824,12,-6,148,-38,814,750,2576,8371,0,0,87,70,80,187
171,87,70,65,889192462,0,3665338932256,12,-6,275,-38,1393,1166,5339,8373,0,0,87,70,80,187
171,87,70,65,889192462,0,3665349741360,12,-6,388,-38,1902,1543,6184,8375,0,0,87,70,80,187
171,87,70,65,889192462,0,3665353552304,12,-6,447,-38,2099,1775,5057,8377,0,0,87,70,80,187
171,87,70,65,889192462,0,3665358615664,12,-6,474,-38,2042,1850,3080,8379,0,0,87,70,80,187
171,87,70,65,889192462,0,3665363834240,10,-1,582,-38,2799,2321,5595,8381,0,0,87,70,80,187
171,87,70,65,889192462,0,3665377581368,0,-3,104,-38,632,561,3681,8383,0,0,87,70,80,187
171,87,70,65,889192462,0,3665388402128,0,-3,109,-38,612,562,2677,8385,0,0,87,70,80,187
171,87,70,65,889192462,0,3665394574288,0,-3,238,-39,1247,1092,4072,8387,0,0,87,70,80,187
171,87,70,65,889192462,0,3665409278984,16,-12,619,-39,2862,2414,5129,8389,0,0,87,70,80,187
171,87,70,65,889192462,0,3665410305240,7,-1,573,-39,2790,2251,6330,8391,0,0,87,70,80,187
171,87,70,65,889192462,0,3665416906496,6,-2,1170,-39,5132,3983,7336,8393,0,0,87,70,80,187
171,87,70,65,889192462,0,3665424400400,7,-2,1413,-39,6425,5304,5717,8395,0,0,87,70,80,187
171,87,70,65,889192462,0,3665429671888,7,-2,621,-39,2846,2416,4950,8397,0,0,87,70,80,187
171,87,70,65,889192462,0,3665433311560,7,-2,221,-39,1165,942,6272,8399,0,0,87,70,80,187
171,87,70,65,889192462,0,3665453530432,9,-3,1312,-39,5973,4955,5584,8401,0,0,87,70,80,187
171,87,70,65,889192462,0,3665462543240,8,-1,912,-39,4088,3465,4993,8403,0,0,87,70,80,187
171,87,70,65,889192462,0,3665487150936,7,-2,432,-39,2083,1764,5018,8405,0,0,87,70,80,187
171,87,70,65,889192462,0,3665497779952,2,-1,187,-39,1053,897,4854,8407,0,0,87,70,80,187
171,87,70,65,889192462,0,3665516556024,14,-2,1521,-39,6789,5137,7973,8409,0,0,87,70,80,187
171,87,70,65,889192462,0,3665532732904,16,-1,470,-39,2149,1872,4223,8411,0,0,87,70,80,187
171,87,70,65,889192462,0,3665538370808,13,-1,428,-39,1989,1705,4678,8413,0,0,87,70,80,187
171,87,70,65,889192462,0,3665545547280,15,-2,112,-39,674,573,4910,8415,0,0,87,70,80,187
171,87,70,65,889192462,0,3665556596816,15,-46,1300,-38,5936,4881,5823,8417,0,0,87,70,80,187
171,87,70,65,889192462,0,3665557699888,15,-46,440,-38,1990,1753,3902,8419,0,0,87,70,80,187
171,87,70,65,889192462,0,3665565163808,15,-46,470,-38,2080,1718,5702,8421,0,0,87,70,80,187
171,87,70,65,889192462,0,3665570951680,11,-1,426,-38,2026,1599,6905,8423,0,0,87,70,80,187
171,87,70,65,889192462,0,3665573348088,12,-1,489,-38,2347,1954,5486,8425,0,0,87,70,80,187
171,87,70,65,889192462,0,3665591891328,12,-1,202,-38,1040,897,4505,8427,0,0,87,70,80,187
171,87,70,65,889192462,0,3665595617552,9,-1,896,-38,4008,3072,7652,8429,0,0,87,70,80,187
171,87,70,65,889192462,0,3665610485736,9,-1,496,-39,2261,1830,6246,8431,0,0,87,70,80,187
171,87,70,65,889192462,0,3665613974504,9,-1,118,-39,682,585,4660,8433,0,0,87,70,80,187
171,87,70,65,889192462,0,3665620336640,7,-2,408,-39,1937,1647,4905,8435,0,0,87,70,80,187
171,87,70,65,889192462,0,3665635371080,6,-2,1506,-38,6781,5097,8137,8437,0,0,87,70,80,187
171,87,70,65,889192462,0,3665638609672,8,-2,327,-38,1500,1376,2708,8439,0,0,87,70,80,187
171,87,70,65,889192462,0,3665651599056,13,-2,207,-38,942,861,2817,8441,0,0,87,70,80,187
171,87,70,65,889192462,0,3665661075840,13,-2,138,-38,732,693,1745,8443,0,0,87,70,80,187
171,87,70,65,889192462,0,3665674173200,3,-9,851,-38,3782,2995,6818,8445,0,0,87,70,80,187
171,87,70,65,889192462,0,3665683472448,2,-7,185,-38,938,817,4226,8447,0,0,87,70,80,187
171,87,70,65,889192462,0,3665689617096,2,-7,634,-38,2936,2462,5290,8450,0,0,87,70,80,187
171,87,70,65,889192462,0,3665701030816,2,-48,434,-38,1988,1727,4301,8452,0,0,87,70,80,187
171,87,70,65,889192462,0,3665714643456,10,-1,368,-38,1767,1459,5711,8454,0,0,87,70,80,187
171,87,70,65,889192462,0,3665733966512,10,-1,189,-38,1046,920,3947,8456,0,0,87,70,80,187
171,87,70,65,889192462,0,3665741620200,10,-1,172,-38,832,791,1614,8458,0,0,87,70,80,187
171,87,70,65,889192462,0,3665754917280,10,-1,110,-38,606,556,2703,8460,0,0,87,70,80,187
171,87,70,65,889192462,0,3665776985024,10,-1,317,-38,1519,1336,3947,8462,0,0,87,70,80,187
171,87,70,65,889192462,0,3665786216696,3,-55,387,-38,1783,1546,4355,8464,0,0,87,70,80,187
171,87,70,65,889192462,0,3665790078136,5,-2,673,-38,2986,2420,6211,8466,0,0,87,70,80,187
171,87,70,65,889192462,0,3665790528896,8,-1,198,-38,967,899,2304,8468,0,0,87,70,80,187
171,87,70,65,889192462,0,3665807380200,2,-6,201,-38,1034,925,3454,8470,0,0,87,70,80,187
171,87,70,65,889192462,0,3665822094456,2,-6,537,-38,2350,2074,3848,8472,0,0,87,70,80,187
171,87,70,65,889192462,0,3665830247216,2,-6,371,-38,1844,1515,5846,8474,0,0,87,70,80,187
171,87,70,65,889192462,0,3665833484232,2,-6,336,-38,1719,1419,5718,8476,0,0,87,70,80,187
171,87,70,65,889192462,0,3665839227032,5,-1,1276,-38,5506,4462,6212,8478,0,0,87,70,80,187
171,87,70,65,889192462,0,3665845389088,10,-24,387,-38,1768,1531,4392,8480,0,0,87,70,80,187
171,87,70,65,889192462,0,3665852177016,10,-24,1446,-38,6494,5405,5494,8482,0,0,87,70,80,187
171,87,70,65,889192462,0,3665859793200,8,-3,523,-38,2408,1904,6858,8484,0,0,87,70,80,187
171,87,70,65,889192462,0,3665865491248,11,-53,1155,-38,5170,4405,4848,8486,0,0,87,70,80,187
171,87,70,65,889192462,0,3665872429272,9,-1,2505,-40,10611,8388,6864,8488,0,0,87,70,80,187
171,87,70,65,889192462,0,3665882805952,9,-1,208,-40,1133,992,4077,8490,0,0,87,70,80,187
171,87,70,65,889192462,0,3665898266120,13,-2,1634,-40,7168,5909,5755,8492,0,0,87,70,80,187
171,87,70,65,889192462,0,3665905940320,13,-2,180,-40,986,845,4685,8494,0,0,87,70,80,187
171,87,70,65,889192462,0,3665916763096,8,-1,277,-40,1417,1161,5919,8496,0,0,87,70,80,187
171,87,70,65,889192462,0,3665921723152,6,-54,403,-40,1910,1532,6484,8498,0,0,87,70,80,187
171,87,70,65,889192462,0,3665928949856,11,-10,112,-40,683,581,4893,8500,0,0,87,70,80,187
171,87,70,65,889192462,0,3665949615904,10,-3,1390,-40,6223,4987,6508,8502,0,0,87,70,80,187
171,87,70,65,889192462,0,3665957985664,12,-2,2733,-40,11638,9280,6638,8504,0,0,87,70,80,187
171,87,70,65,889192462,0,3665960158744,8,-59,173,-40,943,781,5629,8506,0,0,87,70,80,187
171,87,70,65,889192462,0,3665972332960,5,-2,142,-40,878,733,5411,8508,0,0,87,70,80,187
171,87,70,65,889192462,0,3665988677496,5,-2,113,-40,762,603,6837,8510,0,0,87,70,80,187
171,87,70,65,889192462,0,3665992064272,15,-2,891,-40,4180,3474,5534,8512,0,0,87,70,80,187
171,87,70,65,889192462,0,3665999812272,15,-2,612,-40,2860,2369,5625,8514,0,0,87,70,80,187
171,87,70,65,889192462,0,3666008004520,15,-2,154,-40,847,720,4913,8516,0,0,87,70,80,187
171,87,70,65,889192462,0,3666008781376,15,-2,841,-40,3730,2961,6755,8518,0,0,87,70,80,187
171,87,70,65,889192462,0,3666019415848,14,-3,111,-40,679,572,5163,8520,0,0,87,70,80,187
171,87,70,65,889192462,0,3666026805024,14,-3,166,-40,968,781,6329,8522,0,0,87,70,80,187
171,87,70,65,889192462,0,3666040640552,14,-3,135,-40,724,630,4254,8524,0,0,87,70,80,187
171,87,70,65,889192462,0,3666048350040,9,-2,418,-40,2034,1696,5445,8526,0,0,87,70,80,187
171,87,70,65,889192462,0,3666059024296,9,-2,239,-40,1217,1014,5465,8528,0,0,87,70,80,187
171,87,70,65,889192462,0,3666068027376,9,-2,263,-40,1285,1099,4742,8530,0,0,87,70,80,187
171,87,70,65,889192462,0,3666068658136,5,-5,968,-40,4344,3371,7339,8532,0,0,87,70,80,187
171,87,70,65,889192462,0,3666076227160,8,-3,628,-40,2914,2349,6353,8534,0,0,87,70,80,187
171,87,70,65,889192462,0,3666095224216,8,-3,1911,-40,8594,6941,6302,8536,0,0,87,70,80,187
171,87,70,65,889192462,0,3666098517368,5,-83,368,-40,1860,1492,6482,8538,0,0,87,70,80,187
171,87,70,65,889192462,0,3666107448664,16,-4,1036,-40,4567,3655,6543,8540,0,0,87,70,80,187
171,87,70,65,889192462,0,3666112743728,18,-1,505,-40,2474,2043,5708,8542,0,0,87,70,80,187
171,87,70,65,889192462,0,3666125749144,10,-1,1645,-39,7322,5524,8046,8544,0,0,87,70,80,187
171,87,70,65,889192462,0,3666128262456,6,-2,725,-39,3372,2796,5597,8546,0,0,87,70,80,187
171,87,70,65,889192462,0,3666129513728,7,-1,200,-39,1165,930,6609,8548,0,0,87,70,80,187
171,87,70,65,889192462,0,3666133622856,7,-1,289,-39,1404,1186,5087,8550,0,0,87,70,80,187
171,87,70,65,889192462,0,3666140636824,16,-3,1567,-39,6808,5261,7445,8552,0,0,87,70,80,187
171,87,70,65,889192462,0,3666156823728,16,-3,922,-39,4156,3387,6062,8554,0,0,87,70,80,187
171,87,70,65,889192462,0,3666158569728,8,-1,1099,-39,4782,3772,6920,8556,0,0,87,70,80,187
171,87,70,65,889192462,0,3666160617376,8,-4,1089,-39,4761,3889,6001,8558,0,0,87,70,80,187
171,87,70,65,889192462,0,3666165596568,10,-2,1273,-39,5723,4831,5107,8560,0,0,87,70,80,187
171,87,70,65,889192462,0,3666169524528,4,-21,181,-39,939,787,5304,8562,0,0,87,70,80,187
171,87,70,65,889192462,0,3666185340144,4,-21,218,-39,1185,1026,4396,8564,0,0,87,70,80,187
171,87,70,65,889192462,0,3666190303296,8,-1,506,-39,2299,1860,6256,8566,0,0,87,70,80,187
171,87,70,65,889192462,0,3666191827392,7,-2,387,-39,1882,1546,5850,8568,0,0,87,70,80,187
171,87,70,65,889192462,0,3666207270152,7,-2,469,-39,2202,1896,4553,8570,0,0,87,70,80,187
171,87,70,65,889192462,0,3666217550472,5,-1,352,-39,1687,1441,4778,8572,0,0,87,70,80,187
171,87,70,65,889192462,0,3666241237616,5,-1,169,-39,908,829,2850,8574,0,0,87,70,80,187
171,87,70,65,889192462,0,3666248714400,12,-6,641,-39,3050,2509,5812,8576,0,0,87,70,80,187
171,87,70,65,889192462,0,3666254953808,5,-43,301,-39,1478,1230,5498,8578,0,0,87,70,80,187
171,87,70,65,889192462,0,3666277595712,5,-43,151,-39,821,720,4031,8580,0,0,87,70,80,187
171,87,70,65,889192462,0,3666283230520,5,-43,654,-39,2919,2510,4591,8582,0,0,87,70,80,187
171,87,70,65,889192462,0,3666286156232,16,-26,459,-39,2052,1772,4471,8584,0,0,87,70,80,187
171,87,70,65,889192462,0,3666296309864,4,-3,625,-39,2950,2447,5587,8586,0,0,87,70,80,187
171,87,70,65,889192462,0,3666312417288,11,-5,236,-39,1169,995,4877,8588,0,0,87,70,80,187
171,87,70,65,889192462,0,3666326353400,11,-58,1587,-39,7047,5828,5668,8590,0,0,87,70,80,187
171,87,70,65,889192462,0,3666331561216,6,-1,129,-39,694,649,2124,8592,0,0,87,70,80,187
171,87,70,65,889192462,0,3666334029072,13,-1,1405,-39,6358,5131,6323,8594,0,0,87,70,80,187
171,87,70,65,889192462,0,3666353550992,6,-1,267,-39,1347,1164,4451,8596,0,0,87,70,80,187
171,87,70,65,889192462,0,3666363627088,15,-3,915,-38,4058,3449,4917,8598,0,0,87,70,80,187
171,87,70,65,889192462,0,3666376654888,5,-49,495,-38,2449,2004,5953,8600,0,0,87,70,80,187
171,87,70,65,889192462,0,3666378793176,5,-49,537,-38,2454,2132,4299,8602,0,0,87,70,80,187
171,87,70,65,889192462,0,3666381317304,5,-49,629,-38,2886,2382,5722,8604,0,0,87,70,80,187
171,87,70,65,889192462,0,3666384903112,3,-3,615,-38,2662,2323,4172,8606,0,0,87,70,80,187
171,87,70,65,889192462,0,3666388734896,15,-1,415,-38,1952,1671,4716,8608,0,0,87,70,80,187
171,87,70,65,889192462,0,3666409495168,11,-3,834,-38,3734,2878,7511,8610,0,0,87,70,80,187
171,87,70,65,889192462,0,3666411553784,13,-3,579,-38,2669,2225,5450,8612,0,0,87,70,80,187
171,87,70,65,889192462,0,3666421683208,10,-2,1669,-38,7147,5844,5973,8614,0,0,87,70,80,187
171,87,70,65,889192462,0,3666425450032,12,-3,1024,-38,4423,3467,7082,8616,0,0,87,70,80,187
171,87,70,65,889192462,0,3666429985464,14,-1,307,-38,1419,1248,3948,8618,0,0,87,70,80,187
171,87,70,65,889192462,0,3666434871096,14,-1,1151,-38,4999,4041,6279,8620,0,0,87,70,80,187
171,87,70,65,889192462,0,3666437839072,22,-2,1013,-38,4594,3890,5021,8622,0,0,87,70,80,187
171,87,70,65,889192462,0,3666441821744,22,-2,509,-38,2343,2008,4684,8624,0,0,87,70,80,187
171,87,70,65,889192462,0,3666450763328,22,-2,492,-38,2381,1996,5298,8626,0,0,87,70,80,187
171,87,70,65,889192462,0,3666462203824,22,-2,447,-38,2109,1765,5344,8628,0,0,87,70,80,187
171,87,70,65,889192462,0,3666469481048,22,-2,128,-38,748,656,4030,8630,0,0,87,70,80,187
171,87,70,65,889192462,0,3666487212008,12,-2,1347,-38,6098,5077,5486,8632,0,0,87,70,80,187
171,87,70,65,889192462,0,3666498495528,5,-2,696,-38,3240,2708,5380,8634,0,0,87,70,80,187
171,87,70,65,889192462,0,3666510530496,5,-2,1355,-38,5774,4632,6480,8636,0,0,87,70,80,187
171,87,70,65,889192462,0,3666518768688,10,-4,552,-38,2581,2065,6550,8638,0,0,87,70,80,187
171,87,70,65,889192462,0,3666538318872,0,-2,213,-38,1071,949,3732,8640,0,0,87,70,80,187
171,87,70,65,889192462,0,3666544884648,0,-2,607,-38,2723,2338,4632,8642,0,0,87,70,80,187
171,87,70,65,889192462,0,3666555714544,0,-2,265,-38,1308,1099,5235,8644,0,0,87,70,80,187
171,87,70,65,889192462,0,3666569570272,0,-2,1397,-38,6271,4718,8114,8646,0,0,87,70,80,187
171,87,70,65,889192462,0,3666581835416,5,-2,634,-38,2878,2459,4770,8648,0,0,87,70,80,187
171,87,70,65,889192462,0,3666585489112,10,-79,550,-38,2458,2095,4839,8650,0,0,87,70,80,187
171,87,70,65,889192462,0,3666590648536,10,-79,224,-38,1154,959,5536,8652,0,0,87,70,80,187
171,87,70,65,889192462,0,3666593777640,10,-79,620,-38,2809,2311,5809,8654,0,0,87,70,80,187
171,87,70,65,889192462,0,3666604653880,17,-5,1211,-38,5327,4432,5505,8656,0,0,87,70,80,187
171,87,70,65,889192462,0,3666628023712,13,-2,170,-38,905,785,4344,8658,0,0,87,70,80,187
171,87,70,65,889192462,0,3666630419936,13,-2,1435,-38,6243,4931,6886,8660,0,0,87,70,80,187
171,87,70,65,889192462,0,3666631222824,14,-19,150,-38,794,734,2476,8662,0,0,87,70,80,187
171,87,70,65,889192462,0,3666633206272,9,-3,601,-38,2613,2285,4113,8664,0,0,87,70,80,187
171,87,70,65,889192462,0,3666636239456,9,-3,504,-38,2314,1842,6683,8666,0,0,87,70,80,187
171,87,70,65,889192462,0,3666636602552,9,-3,1466,-38,6462,5038,7220,8668,0,0,87,70,80,187
171,87,70,65,889192462,0,3666649072864,7,-27,1085,-38,4810,3718,7438,8670,0,0,87,70,80,187
171,87,70,65,889192462,0,3666654401984,8,-5,771,-38,3418,2679,7084,8672,0,0,87,70,80,187
171,87,70,65,889192462,0,3666664076048,7,-15,333,-39,1680,1374,5968,8674,0,0,87,70,80,187
171,87,70,65,889192462,0,3666674308824,7,-15,441,-39,2163,1699,7029,8676,0,0,87,70,80,187
171,87,70,65,889192462,0,3666690108944,8,-1,1186,-39,5271,4254,6322,8678,0,0,87,70,80,187
171,87,70,65,889192462,0,3666692661008,12,-3,179,-39,965,830,4583,8680,0,0,87,70,80,187
171,87,70,65,889192462,0,3666702272824,12,-3,422,-39,1996,1675,5269,8682,0,0,87,70,80,187
171,87,70,65,889192462,0,3666704922880,13,-10,630,-39,2834,2259,6648,8684,0,0,87,70,80,187
171,87,70,65,889192462,0,3666715146880,6,-9,523,-39,2543,2082,5940,8686,0,0,87,70,80,187
171,87,70,65,889192462,0,3666722648136,12,-3,437,-39,2015,1692,5252,8688,0,0,87,70,80,187
171,87,70,65,889192462,0,3666734324224,8,-2,576,-39,2620,2097,6540,8690,0,0,87,70,80,187
171,87,70,65,889192462,0,3666737783456,8,-2,118,-39,662,584,3860,8692,0,0,87,70,80,187
171,87,70,65,889192462,0,3666790461104,13,-1,659,-39,3023,2549,5137,8694,0,0,87,70,80,187
171,87,70,65,889192462,0,3666817272224,11,-1,151,-39,824,729,3777,8696,0,0,87,70,80,187
171,87,70,65,889192462,0,3666826359208,11,-1,427,-39,2057,1727,5256,8698,0,0,87,70,80,187
171,87,70,65,889192462,0,3666850309560,11,-1,116,-39,725,617,4881,8700,0,0,87,70,80,187
171,87,70,65,889192462,0,3666865066880,11,-1,2521,-39,11178,8009,9289,8702,0,0,87,70,80,187
171,87,70,65,889192462,0,3666868068728,19,-5,647,-39,2927,2353,6425,8704,0,0,87,70,80,187
171,87,70,65,889192462,0,3666879104936,19,-5,103,-39,647,559,4456,8706,0,0,87,70,80,187
171,87,70,65,889192462,0,3666883662488,19,-5,2591,-39,11052,9002,6077,8708,0,0,87,70,80,187
171,87,70,65,889192462,0,3666886639560,5,-2,626,-39,2940,2460,5349,8710,0,0,87,70,80,187
171,87,70,65,889192462,0,3666889679672,5,-2,171,-39,901,759,5164,8712,0,0,87,70,80,187
171,87,70,65,889192462,0,3666899917336,5,-2,412,-39,2062,1662,6356,8714,0,0,87,70,80,187
171,87,70,65,889192462,0,3666905471944,5,-2,188,-39,1013,848,5337,8716,0,0,87,70,80,187
171,87,70,65,889192462,0,3666921054208,5,-2,205,-39,1117,959,4634,8718,0,0,87,70,80,187
171,87,70,65,889192462,0,3666923286640,1,-5,589,-39,2824,2278,6335,8720,0,0,87,70,80,187
171,87,70,65,889192462,0,3666924801232,16,-7,1401,-39,6318,4733,8220,8722,0,0,87,70,80,187
171,87,70,65,889192462,0,3666930330344,16,-7,141,-39,814,705,4387,8724,0,0,87,70,80,187
171,87,70,65,889192462,0,3666934271312,16,-7,119,-39,704,628,3537,8726,0,0,87,70,80,187
171,87,70,65,889192462,0,3666938118776,9,-1,500,-39,2491,2053,5761,8728,0,0,87,70,80,187
171,87,70,65,889192462,0,3666941381440,2,-55,612,-39,2682,2332,4276,8730,0,0,87,70,80,187
171,87,70,65,889192462,0,3666945019928,12,-4,629,-39,2918,2433,5446,8732,0,0,87,70,80,187
171,87,70,65,889192462,0,3666950291512,9,-4,451,-39,2138,1804,5118,8734,0,0,87,70,80,187
171,87,70,65,889192462,0,3666950993416,9,-4,601,-39,2730,2228,6025,8736,0,0,87,70,80,187
171,87,70,65,889192462,0,3666952680128,4,-55,344,-39,1705,1441,5073,8738,0,0,87,70,80,187
171,87,70,65,889192462,0,3666954084296,4,-55,147,-39,892,744,5436,8740,0,0,87,70,80,187
171,87,70,65,889192462,0,3666964191136,4,-55,485,-39,2255,1912,4984,8742,0,0,87,70,80,187
171,87,70,65,889192462,0,3666973701992,4,-55,182,-39,1034,881,4848,8744,0,0,87,70,80,187
171,87,70,65,889192462,0,3666985691272,18,-2,617,-39,2752,2372,4524,8746,0,0,87,70,80,187
171,87,70,65,889192462,0,3666991340624,2,-2,722,-39,3299,2563,7310,8748,0,0,87,70,80,187
171,87,70,65,889192462,0,3667009324024,2,-2,327,-40,1658,1371,5671,8750,0,0,87,70,80,187
171,87,70,65,889192462,0,3667012716584,2,-2,232,-40,1214,1058,4210,8752,0,0,87,70,80,187
171,87,70,65,889192462,0,3667021962240,2,-2,603,-40,2748,2201,6522,8754,0,0,87,70,80,187
171,87,70,65,889192462,0,3667030684856,18,-1,694,-40,3092,2431,7004,8756,0,0,87,70,80,187
171,87,70,65,889192462,0,3667035720680,17,-4,1007,-40,4508,3503,7304,8758,0,0,87,70,80,187
171,87,70,65,889192462,0,3667042758824,4,-5,182,-40,1015,876,4487,8760,0,0,87,70,80,187
171,87,70,65,889192462,0,3667051961928,4,-5,443,-39,2166,1791,5672,8762,0,0,87,70,80,187
171,87,70,65,889192462,0,3667061617048,4,-5,267,-39,1325,1107,5391,8764,0,0,87,70,80,187
171,87,70,65,889192462,0,3667083875576,4,-5,1319,-39,5774,4484,7320,8766,0,0,87,70,80,187
171,87,70,65,889192462,0,3667089553600,3,-1,423,-39,2001,1691,5076,8768,0,0,87,70,80,187
171,87,70,65,889192462,0,3667098176400,3,-1,658,-39,3017,2335,7407,8770,0,0,87,70,80,187
171,87,70,65,889192462,0,3667106595232,5,-1,689,-39,3137,2628,5316,8772,0,0,87,70,80,187
171,87,70,65,889192462,0,3667119398120,8,-41,227,-39,1120,1044,2223,8774,0,0,87,70,80,187
171,87,70,65,889192462,0,3667123274208,8,-41,117,-39,650,582,3427,8776,0,0,87,70,80,187
171,87,70,65,889192462,0,3667129900000,8,-41,258,-39,1289,1089,5084,8778,0,0,87,70,80,187
171,87,70,65,889192462,0,3667135978144,8,-41,114,-39,644,596,2442,8780,0,0,87,70,80,187
171,87,70,65,889192462,0,3667152543016,8,-41,344,-39,1645,1420,4481,8782,0,0,87,70,80,187
171,87,70,65,889192462,0,3667181817248,6,-2,1205,-39,5573,4680,5250,8784,0,0,87,70,80,187
171,87,70,65,889192462,0,3667196904440,6,-82,164,-39,893,798,3485,8786,0,0,87,70,80,187
171,87,70,65,889192462,0,3667206264856,7,-2,361,-39,1730,1482,4697,8788,0,0,87,70,80,187
171,87,70,65,889192462,0,3667215056672,7,-2,372,-39,1770,1531,4424,8790,0,0,87,70,80,187
171,87,70,65,889192462,0,3667218264400,7,-2,141,-39,834,693,5539,8792,0,0,87,70,80,187
171,87,70,65,889192462,0,3667224465680,7,-2,2609,-39,11716,8554,8843,8794,0,0,87,70,80,187
171,87,70,65,889192462,0,3667233514024,7,-1,1465,-39,6297,5009,6702,8796,0,0,87,70,80,187
171,87,70,65,889192462,0,3667240847560,3,-80,251,-39,1333,1132,4940,8798,0,0,87,70,80,187
171,87,70,65,889192462,0,3667246059512,3,-80,314,-39,1545,1280,5620,8800,0,0,87,70,80,187
171,87,70,65,889192462,0,3667246509232,3,-80,198,-39,971,876,3205,8802,0,0,87,70,80,187
171,87,70,65,889192462,0,3667249064064,3,-80,352,-39,1750,1447,5673,8804,0,0,87,70,80,187
171,87,70,65,889192462,0,3667252597112,22,-2,1315,-39,5863,4462,7829,8806,0,0,87,70,80,187
171,87,70,65,889192462,0,3667268396224,22,-2,611,-39,2773,2332,5211,8808,0,0,87,70,80,187
171,87,70,65,889192462,0,3667275640368,22,-2,207,-39,1039,916,3879,8810,0,0,87,70,80,187
171,87,70,65,889192462,0,3667278888240,6,-2,678,-39,3110,2642,4930,8812,0,0,87,70,80,187
171,87,70,65,889192462,0,3667285196464,6,-2,483,-39,2231,1935,4347,8814,0,0,87,70,80,187
171,87,70,65,889192462,0,3667305992800,7,-1,1437,-39,6256,4796,7647,8816,0,0,87,70,80,187
171,87,70,65,889192462,0,3667327141744,23,-24,612,-39,2741,2170,6825,8818,0,0,87,70,80,187
171,87,70,65,889192462,0,3667331164640,23,-24,102,-39,665,533,6504,8820,0,0,87,70,80,187
